<keymap version="1" name="El Classico Windows" parent="Default for GNOME">
  <action id="ActivatePythonConsoleToolWindow">
    <keyboard-shortcut first-keystroke="alt close_bracket" />
  </action>
  <action id="ActivateTODOToolWindow">
    <keyboard-shortcut first-keystroke="alt p" />
  </action>
  <action id="ActivateTerminalToolWindow">
    <keyboard-shortcut first-keystroke="alt open_bracket" />
  </action>
  <action id="Debug">
    <keyboard-shortcut first-keystroke="alt d" />
  </action>
  <action id="EditorContextInfo" />
  <action id="MethodDown">
    <keyboard-shortcut first-keystroke="alt released j" />
  </action>
  <action id="MethodUp">
    <keyboard-shortcut first-keystroke="alt k" />
  </action>
  <action id="NextTab">
    <keyboard-shortcut first-keystroke="alt l" />
  </action>
  <action id="PreviousTab">
    <keyboard-shortcut first-keystroke="alt h" />
  </action>
  <action id="Refactorings.QuickListPopupAction">
    <keyboard-shortcut first-keystroke="alt t" />
  </action>
  <action id="Run">
    <keyboard-shortcut first-keystroke="alt r" />
  </action>
  <action id="Stop">
    <keyboard-shortcut first-keystroke="alt q" />
  </action>
  <action id="VcsShowNextChangeMarker">
    <keyboard-shortcut first-keystroke="alt w" />
  </action>
  <action id="VcsShowPrevChangeMarker">
    <keyboard-shortcut first-keystroke="alt s" />
  </action>
</keymap>