<keymap version="1" name="El Classico" parent="Mac OS X">
  <action id="ActivateAppInspectionToolWindow">
    <keyboard-shortcut first-keystroke="alt i" />
  </action>
  <action id="ActivateBuildToolWindow">
    <keyboard-shortcut first-keystroke="alt b" />
  </action>
  <action id="ActivateBuildVariantsToolWindow">
    <keyboard-shortcut first-keystroke="alt d" />
  </action>
  <action id="ActivateLogcatToolWindow">
    <keyboard-shortcut first-keystroke="alt y" />
  </action>
  <action id="ActivateRunningDevicesToolWindow">
    <keyboard-shortcut first-keystroke="alt e" />
  </action>
  <action id="ActivateStudioBotToolWindow">
    <keyboard-shortcut first-keystroke="alt g" />
  </action>
  <action id="ActivateTODOToolWindow">
    <keyboard-shortcut first-keystroke="alt m" />
  </action>
  <action id="ActivateTerminalToolWindow">
    <keyboard-shortcut first-keystroke="alt t" />
  </action>
  <action id="Android.BuildApk">
    <keyboard-shortcut first-keystroke="shift alt d" />
  </action>
  <action id="Android.Designer.CommonActions.ForceCompileAndRefreshActionForNotification">
    <keyboard-shortcut first-keystroke="f5" />
  </action>
  <action id="AndroidConnectDebuggerAction">
    <keyboard-shortcut first-keystroke="shift f1" />
  </action>
  <action id="ContextHelp" />
  <action id="CopyElement" />
  <action id="Debug">
    <keyboard-shortcut first-keystroke="meta f1" />
  </action>
  <action id="Diff.NextChange">
    <keyboard-shortcut first-keystroke="alt period" />
  </action>
  <action id="Diff.PrevChange">
    <keyboard-shortcut first-keystroke="alt comma" />
  </action>
  <action id="EditorNextWordInDifferentHumpsMode">
    <keyboard-shortcut first-keystroke="alt close_bracket" />
  </action>
  <action id="EditorPreviousWordInDifferentHumpsMode">
    <keyboard-shortcut first-keystroke="alt open_bracket" />
  </action>
  <action id="ExternalJavaDoc" />
  <action id="FileChooser.LightEditGotoOpenedFile">
    <keyboard-shortcut first-keystroke="alt n" />
  </action>
  <action id="FindNext" />
  <action id="FindPrevious">
    <keyboard-shortcut first-keystroke="shift ctrl l" />
  </action>
  <action id="Git.CreateNewBranch">
    <keyboard-shortcut first-keystroke="alt x" />
  </action>
  <action id="Git.Pull">
    <keyboard-shortcut first-keystroke="alt z" />
  </action>
  <action id="GitPullBranchAction$WithRebase">
    <keyboard-shortcut first-keystroke="alt c" />
  </action>
  <action id="GoToTab1">
    <keyboard-shortcut first-keystroke="alt 1" />
  </action>
  <action id="GoToTab2">
    <keyboard-shortcut first-keystroke="alt 2" />
  </action>
  <action id="GoToTab3">
    <keyboard-shortcut first-keystroke="alt 3" />
  </action>
  <action id="GoToTab4">
    <keyboard-shortcut first-keystroke="alt 4" />
  </action>
  <action id="GoToTab5">
    <keyboard-shortcut first-keystroke="alt 5" />
  </action>
  <action id="GoToTab6">
    <keyboard-shortcut first-keystroke="alt 6" />
  </action>
  <action id="GoToTab7">
    <keyboard-shortcut first-keystroke="alt 7" />
  </action>
  <action id="GotoAction">
    <keyboard-shortcut first-keystroke="alt f" />
  </action>
  <action id="GotoNextElementUnderCaretUsage">
    <keyboard-shortcut first-keystroke="ctrl alt down" />
    <keyboard-shortcut first-keystroke="f3" />
  </action>
  <action id="GotoPrevElementUnderCaretUsage">
    <keyboard-shortcut first-keystroke="ctrl alt up" />
    <keyboard-shortcut first-keystroke="shift f3" />
  </action>
  <action id="HideActiveWindow">
    <keyboard-shortcut first-keystroke="alt v" />
  </action>
  <action id="Images.Editor.ToggleGrid" />
  <action id="MethodDown">
    <keyboard-shortcut first-keystroke="alt j" />
  </action>
  <action id="MethodUp">
    <keyboard-shortcut first-keystroke="alt k" />
  </action>
  <action id="Move" />
  <action id="NextInlineCompletionSuggestionAction" />
  <action id="NextTab">
    <keyboard-shortcut first-keystroke="alt l" />
  </action>
  <action id="PrevInlineCompletionSuggestionAction" />
  <action id="PreviousTab">
    <keyboard-shortcut first-keystroke="alt h" />
  </action>
  <action id="Refactorings.QuickListPopupAction">
    <keyboard-shortcut first-keystroke="meta t" />
  </action>
  <action id="RevealIn">
    <keyboard-shortcut first-keystroke="alt g" />
  </action>
  <action id="Run">
    <keyboard-shortcut first-keystroke="f1" />
  </action>
  <action id="ShowErrorDescription" />
  <action id="TextEditorWithPreview.Layout.EditorAndPreview">
    <keyboard-shortcut first-keystroke="alt p" />
  </action>
  <action id="TextEditorWithPreview.Layout.EditorOnly">
    <keyboard-shortcut first-keystroke="alt o" />
  </action>
  <action id="UsageView.Rerun" />
  <action id="Vcs.UpdateProject" />
  <action id="VcsShowNextChangeMarker">
    <keyboard-shortcut first-keystroke="alt w" />
  </action>
  <action id="VcsShowPrevChangeMarker">
    <keyboard-shortcut first-keystroke="alt s" />
  </action>
  <action id="android.deploy.ApplyChanges">
    <keyboard-shortcut first-keystroke="ctrl meta e" />
  </action>
  <action id="android.deploy.CodeSwap">
    <keyboard-shortcut first-keystroke="shift ctrl meta e" />
  </action>
  <action id="com.codeium.intellij.OpenChatWindowAction">
    <keyboard-shortcut first-keystroke="alt u" />
  </action>
</keymap>